customer_id,total_orders,total_revenue,total_profit,avg_order_value,last_order,first_order,recency_days,tenure_days,clv_tier
1,7,6690.36,1874.77,955.7657142857142,2024-12-02,2022-03-16,30,992,High
2,3,4639.93,2767.51,1546.6433333333334,2023-06-02,2022-04-22,579,406,Mid
3,9,10872.33,5152.48,1208.0366666666666,2024-12-30,2022-01-26,2,1069,VIP
4,9,7578.83,2829.02,842.0922222222222,2024-11-09,2022-01-24,53,1020,High
5,7,7137.54,2910.3,1019.6485714285715,2024-12-13,2022-11-19,19,755,High
6,8,9848.560000000001,6314.21,1231.0700000000002,2024-06-25,2022-04-04,190,813,VIP
7,5,5003.3099999999995,1818.87,1000.6619999999999,2024-11-28,2022-04-24,34,949,Mid
8,2,1579.55,441.53999999999996,789.775,2024-12-19,2024-04-30,13,233,Low
9,5,7297.4,4674.11,1459.48,2024-07-11,2023-02-18,174,509,High
10,6,8419.18,4839.25,1403.1966666666667,2024-11-26,2022-12-02,36,725,VIP
11,4,6082.03,4457.13,1520.5075,2024-06-25,2022-04-21,190,796,High
12,5,2615.84,1273.1299999999999,523.168,2024-04-08,2022-09-05,268,581,Low
13,1,1432.62,0.0,1432.62,2023-07-20,2023-07-20,531,0,Low
14,7,6860.59,3261.53,980.0842857142858,2024-12-21,2022-04-04,11,992,High
15,3,3016.74,1423.2199999999998,1005.5799999999999,2024-05-09,2022-01-21,237,839,Low
16,4,5625.1,3092.0099999999998,1406.275,2024-10-12,2022-08-24,81,780,Mid
17,9,9975.4,5728.31,1108.3777777777777,2024-10-10,2022-09-30,83,741,VIP
18,7,8682.26,3979.75,1240.3228571428572,2024-09-12,2022-05-25,111,841,VIP
19,8,11133.32,6964.48,1391.665,2024-04-22,2022-04-10,254,743,VIP
20,3,5404.75,2889.6400000000003,1801.5833333333333,2023-12-27,2022-04-15,371,621,Mid
21,5,3887.6499999999996,1819.19,777.53,2024-08-15,2022-08-06,139,740,Mid
22,4,5933.360000000001,4104.18,1483.3400000000001,2024-04-05,2022-05-25,271,681,High
23,3,844.92,443.3,281.64,2023-02-24,2022-05-06,677,294,Low
24,10,7862.179999999999,4739.54,786.218,2024-10-10,2022-01-05,83,1009,High
25,7,4704.349999999999,2129.44,672.05,2024-09-22,2022-04-10,101,896,Mid
26,4,4740.22,3125.9300000000003,1185.055,2024-06-20,2023-04-23,195,424,Mid
27,4,2273.34,707.88,568.335,2024-06-11,2022-02-13,204,849,Low
28,7,7887.75,4183.68,1126.8214285714287,2024-12-30,2022-01-08,2,1087,High
29,7,4162.74,2813.52,594.6771428571428,2024-12-27,2022-01-19,5,1073,Mid
30,2,1838.68,170.55,919.34,2023-01-03,2022-10-27,729,68,Low
31,7,7310.97,3850.1,1044.4242857142858,2024-01-29,2022-01-11,338,748,High
32,7,6401.37,3332.09,914.4814285714285,2024-04-16,2022-02-16,260,790,High
33,3,744.54,479.75,248.17999999999998,2024-07-09,2022-04-11,176,820,Low
34,3,2575.05,1182.05,858.35,2024-09-07,2024-01-11,116,240,Low
35,2,2691.8599999999997,1040.24,1345.9299999999998,2023-11-16,2022-06-24,412,510,Low
36,6,8437.4,5105.9,1406.2333333333333,2024-07-02,2022-03-29,183,826,VIP
37,5,8588.51,5804.88,1717.702,2024-10-28,2022-08-31,65,789,VIP
39,5,3303.81,2238.81,660.762,2024-08-01,2022-05-07,153,817,Low
40,8,8275.44,4066.5,1034.43,2024-08-02,2022-04-05,152,850,VIP
41,4,3876.57,964.27,969.1425,2024-08-28,2022-04-16,126,865,Mid
42,4,5299.51,3802.42,1324.8775,2024-10-05,2022-12-27,88,648,Mid
43,6,4703.12,1836.6799999999998,783.8533333333334,2024-09-05,2022-06-25,118,803,Mid
44,7,8195.72,4324.77,1170.8171428571427,2024-09-13,2022-01-22,110,965,VIP
45,4,5748.73,2602.18,1437.1825,2024-08-12,2022-01-27,142,928,Mid
46,7,6381.33,3682.23,911.6185714285714,2024-12-13,2022-03-13,19,1006,High
47,5,4158.41,935.34,831.682,2024-02-02,2023-02-21,334,346,Mid
48,5,5055.34,2131.9900000000002,1011.068,2024-08-03,2022-03-29,151,858,Mid
49,7,6963.96,3046.62,994.8514285714285,2023-10-28,2022-04-14,431,562,High
50,8,6948.25,3026.91,868.53125,2024-03-30,2022-03-06,277,755,High
51,5,7092.9,3842.35,1418.58,2024-02-04,2023-05-18,332,262,High
52,5,6255.13,3889.93,1251.026,2024-09-05,2022-07-05,118,793,High
53,14,10811.53,4706.070000000001,772.2521428571429,2024-12-16,2022-01-11,16,1070,VIP
54,6,12034.27,9361.07,2005.7116666666668,2024-12-24,2022-03-21,8,1009,VIP
55,6,5787.5,2826.09,964.5833333333334,2024-08-05,2022-04-10,149,848,Mid
56,5,2745.25,602.62,549.05,2024-08-14,2022-04-03,140,864,Low
57,4,3645.0200000000004,2619.71,911.2550000000001,2024-07-23,2024-01-30,162,175,Low
58,8,6044.379999999999,3506.15,755.5474999999999,2024-10-14,2022-03-01,79,958,High
59,9,10155.15,6314.13,1128.35,2024-11-07,2022-05-11,55,911,VIP
60,9,8874.48,5733.6900000000005,986.0533333333333,2024-02-16,2022-01-08,320,769,VIP
61,4,3443.4700000000003,1237.79,860.8675000000001,2023-12-10,2022-05-21,388,568,Low
62,5,6346.29,3208.46,1269.258,2024-05-15,2022-01-03,231,863,High
63,2,2432.8,1904.98,1216.4,2022-04-13,2022-03-03,994,41,Low
64,4,4347.31,2345.41,1086.8275,2024-07-20,2022-11-26,165,602,Mid
65,11,9413.86,2315.75,855.8054545454546,2024-04-16,2022-03-09,260,769,VIP
66,3,1585.26,860.63,528.42,2024-10-07,2022-05-02,86,889,Low
67,5,3668.49,2236.1,733.698,2024-06-20,2023-04-26,195,421,Low
68,6,6448.79,4239.0,1074.7983333333334,2024-01-05,2022-09-23,362,469,High
69,7,5121.74,2667.08,731.6771428571428,2024-03-18,2022-03-16,289,733,Mid
70,3,2964.88,697.29,988.2933333333334,2024-10-31,2023-01-10,62,660,Low
71,4,4456.92,3447.79,1114.23,2024-11-11,2023-07-09,51,491,Mid
72,4,2918.7999999999997,1990.06,729.6999999999999,2024-10-04,2022-06-17,89,840,Low
73,3,2535.87,1656.8000000000002,845.29,2023-08-29,2022-10-28,491,305,Low
74,4,2119.97,400.2800000000001,529.9925,2024-12-04,2022-10-06,28,790,Low
75,3,1836.2600000000002,12.619999999999987,612.0866666666667,2022-06-17,2022-01-12,929,156,Low
76,7,9376.29,6603.73,1339.47,2024-12-22,2022-05-06,10,961,VIP
77,5,4330.110000000001,1933.99,866.0220000000002,2024-07-18,2022-03-11,167,860,Mid
78,6,7994.0599999999995,5628.17,1332.3433333333332,2024-09-27,2022-05-19,96,862,High
79,1,810.98,599.51,810.98,2024-08-28,2024-08-28,126,0,Low
80,13,13630.35,6676.71,1048.4884615384615,2024-11-02,2022-02-10,60,996,VIP
81,7,7379.63,3704.9199999999996,1054.2328571428573,2024-06-07,2022-02-04,208,854,High
82,15,11096.41,4625.0,739.7606666666667,2024-08-03,2022-01-13,151,933,VIP
83,4,5924.719999999999,3199.99,1481.1799999999998,2024-09-21,2022-03-31,102,905,High
84,10,9372.039999999999,5383.68,937.204,2024-10-06,2022-03-30,87,921,VIP
85,7,8930.8,5552.96,1275.8285714285714,2024-02-12,2022-01-08,324,765,VIP
86,3,1713.7800000000002,850.53,571.2600000000001,2024-07-22,2023-08-27,163,330,Low
87,7,6857.950000000001,4222.06,979.7071428571429,2024-01-18,2022-01-24,349,724,High
88,6,7381.06,5249.5,1230.1766666666667,2024-04-24,2022-05-06,252,719,High
89,5,8233.03,4716.16,1646.6060000000002,2024-06-20,2022-04-06,195,806,VIP
90,7,11147.099999999999,6838.19,1592.4428571428568,2024-04-25,2022-01-14,251,832,VIP
91,7,5037.97,1855.7,719.71,2024-12-01,2023-01-22,31,679,Mid
92,3,2977.59,1301.93,992.5300000000001,2023-12-25,2022-06-09,373,564,Low
93,9,8878.21,3294.24,986.4677777777777,2024-10-18,2022-05-15,75,887,VIP
94,6,7008.38,4685.38,1168.0633333333333,2024-11-27,2022-03-15,35,988,High
95,5,4490.96,3656.46,898.192,2024-12-21,2022-02-06,11,1049,Mid
96,7,4860.43,3229.95,694.3471428571429,2024-05-05,2022-01-17,241,839,Mid
97,6,10154.34,7004.389999999999,1692.39,2024-10-15,2022-03-14,78,946,VIP
98,9,7365.4400000000005,4419.58,818.3822222222223,2024-12-31,2022-11-20,1,772,High
99,8,11125.41,5195.57,1390.67625,2024-06-15,2022-05-02,200,775,VIP
100,11,5918.93,3000.1200000000003,538.0845454545455,2024-09-08,2022-04-07,115,885,High
101,5,4939.22,2835.86,987.844,2024-09-04,2023-01-27,119,586,Mid
102,4,3542.02,1105.5900000000001,885.505,2024-11-09,2022-12-03,53,707,Low
103,2,3020.26,1754.65,1510.13,2023-11-13,2023-02-05,415,281,Low
104,7,7593.5,4616.92,1084.7857142857142,2024-12-07,2022-08-28,25,832,High
105,10,11987.05,6855.69,1198.705,2024-05-18,2022-01-18,228,851,VIP
106,4,3227.44,2148.52,806.86,2024-09-11,2024-04-04,112,160,Low
107,4,3555.88,2054.1,888.97,2023-12-16,2022-11-03,382,408,Low
108,7,5915.63,2418.6099999999997,845.09,2023-12-19,2022-03-03,379,656,High
109,10,9808.64,6156.87,980.8639999999999,2024-01-21,2022-01-14,346,737,VIP
110,5,4462.78,2876.3599999999997,892.5559999999999,2024-03-21,2022-01-06,286,805,Mid
111,8,8969.82,5128.299999999999,1121.2275,2024-08-01,2022-05-13,153,811,VIP
112,11,8676.21,3499.1800000000003,788.7463636363635,2024-10-12,2022-01-02,81,1014,VIP
113,4,6531.48,3393.52,1632.87,2024-03-09,2023-01-11,298,423,High
114,3,3904.41,2584.08,1301.47,2024-07-26,2022-02-17,159,890,Mid
115,10,11891.8,6260.57,1189.1799999999998,2024-08-31,2022-05-17,123,837,VIP
116,5,6319.32,3393.6600000000003,1263.864,2024-05-25,2022-10-04,221,599,High
117,1,1162.44,554.13,1162.44,2022-05-23,2022-05-23,954,0,Low
118,5,5248.32,2780.2400000000002,1049.664,2023-12-20,2022-04-15,378,614,Mid
119,6,6876.74,4215.09,1146.1233333333332,2024-12-26,2023-07-04,6,541,High
120,11,13714.460000000001,6886.75,1246.769090909091,2024-12-22,2022-02-01,10,1055,VIP
121,4,3860.93,438.57,965.2325,2023-09-24,2022-03-01,465,572,Mid
122,6,5903.79,2188.7,983.965,2024-12-29,2022-12-14,3,746,High
123,5,7279.82,4663.25,1455.964,2023-07-30,2022-01-17,521,559,High
124,4,4706.4400000000005,2176.6,1176.6100000000001,2024-10-04,2024-02-22,89,225,Mid
125,6,7162.889999999999,4133.55,1193.8149999999998,2024-08-24,2022-01-07,130,960,High
126,13,12739.84,7726.07,979.9876923076923,2024-09-27,2022-05-03,96,878,VIP
127,6,4287.15,2404.98,714.525,2024-07-13,2022-01-01,172,924,Mid
128,3,3445.3599999999997,2024.77,1148.4533333333331,2024-07-10,2022-11-02,175,616,Low
129,5,2753.68,254.5,550.736,2024-07-04,2022-02-24,181,861,Low
130,4,5544.87,3084.99,1386.2175,2024-09-20,2023-05-10,103,499,Mid
131,3,3489.1,168.03000000000003,1163.0333333333333,2024-02-04,2022-03-26,332,680,Low
132,4,3736.15,2723.75,934.0375,2024-12-12,2022-01-24,20,1053,Low
133,6,6180.35,4066.33,1030.0583333333334,2024-04-02,2022-06-18,274,654,High
134,5,6411.69,4843.3099999999995,1282.338,2024-09-13,2022-03-19,110,909,High
135,5,4514.620000000001,3264.92,902.9240000000002,2024-11-12,2022-02-18,50,998,Mid
136,9,12840.99,7202.58,1426.7766666666666,2024-11-13,2022-03-25,49,964,VIP
137,7,5821.12,3008.68,831.5885714285714,2024-09-07,2022-02-07,116,943,High
138,9,9462.91,6429.81,1051.4344444444444,2024-12-03,2022-04-20,29,958,VIP
139,1,1284.88,1199.96,1284.88,2022-03-10,2022-03-10,1028,0,Low
140,3,2420.9,1000.0999999999999,806.9666666666667,2023-03-30,2022-01-26,643,428,Low
141,7,6253.61,1820.5,893.3728571428571,2024-08-05,2022-01-23,149,925,High
142,4,3960.25,2201.7799999999997,990.0625,2024-05-04,2022-01-14,242,841,Mid
143,6,10801.92,7247.61,1800.32,2024-09-28,2022-03-10,95,933,VIP
144,5,9251.69,6968.35,1850.3380000000002,2024-09-25,2022-07-25,98,793,VIP
145,6,6239.57,2740.45,1039.9283333333333,2023-02-08,2022-03-16,693,329,High
146,4,4375.99,2885.8999999999996,1093.9975,2024-09-26,2022-11-13,97,683,Mid
147,5,4864.879999999999,3508.7,972.9759999999999,2024-12-03,2022-04-02,29,976,Mid
148,3,4839.9400000000005,3510.74,1613.3133333333335,2024-10-11,2023-01-19,82,631,Mid
149,5,3160.7,1574.66,632.14,2024-09-13,2022-03-17,110,911,Low
150,9,9503.17,4181.59,1055.9077777777777,2024-10-31,2022-11-06,62,725,VIP
151,6,5005.88,2866.58,834.3133333333334,2024-06-12,2022-01-24,203,870,Mid
152,4,4572.25,3608.79,1143.0625,2024-12-10,2022-01-25,22,1050,Mid
153,2,828.2,410.44,414.1,2024-08-09,2023-02-07,145,549,Low
154,7,6378.599999999999,2886.09,911.2285714285714,2024-11-11,2022-01-15,51,1031,High
155,5,4257.01,2377.1099999999997,851.402,2024-12-20,2022-06-29,12,905,Mid
156,5,8317.02,5297.46,1663.404,2024-11-22,2022-01-08,40,1049,VIP
157,5,2748.17,1537.7400000000002,549.634,2024-10-08,2022-04-26,85,896,Low
158,6,11250.19,7286.4400000000005,1875.0316666666668,2024-08-22,2022-08-28,132,725,VIP
159,8,8632.26,5287.25,1079.0325,2024-11-13,2022-05-18,49,910,VIP
160,4,8894.29,5030.85,2223.5725,2024-02-01,2022-07-23,335,558,VIP
161,4,4402.47,3304.34,1100.6175,2023-09-22,2022-03-10,467,561,Mid
162,4,3942.65,1494.85,985.6625,2023-12-02,2023-09-02,396,91,Mid
163,5,2263.64,399.75,452.72799999999995,2023-12-14,2022-01-14,384,699,Low
164,5,8276.31,5491.77,1655.262,2024-06-01,2022-11-04,214,575,VIP
165,7,8823.18,5138.54,1260.4542857142858,2023-12-14,2022-01-16,384,697,VIP
166,4,2185.2200000000003,707.5500000000001,546.3050000000001,2024-06-07,2022-04-22,208,777,Low
167,5,6117.0,4250.64,1223.4,2024-09-23,2023-01-28,100,604,High
168,5,6118.860000000001,3051.27,1223.7720000000002,2023-11-22,2022-12-11,406,346,High
169,10,8694.029999999999,4228.6900000000005,869.4029999999999,2024-08-31,2022-01-26,123,948,VIP
170,8,7751.26,3673.83,968.9075,2024-02-03,2022-04-30,333,644,High
171,7,6521.13,4615.98,931.59,2024-11-04,2022-02-27,58,981,High
172,5,3427.79,1836.3200000000002,685.558,2024-12-18,2023-12-04,14,380,Low
173,8,11330.74,7548.13,1416.3425,2024-07-17,2022-06-06,168,772,VIP
174,5,4097.56,2898.43,819.5120000000001,2024-12-24,2022-09-09,8,837,Mid
175,5,5381.65,3020.27,1076.33,2023-12-09,2022-03-26,389,623,Mid
176,2,4968.49,4396.52,2484.245,2022-10-02,2022-08-26,822,37,Mid
177,8,6389.92,2163.65,798.74,2024-12-15,2022-02-26,17,1023,High
178,5,5523.76,3554.0199999999995,1104.752,2023-10-09,2022-06-24,450,472,Mid
179,7,8243.74,5237.45,1177.6771428571428,2024-06-06,2022-05-18,209,750,VIP
180,7,5997.95,3391.0299999999997,856.85,2024-10-08,2022-07-20,85,811,High
181,4,4537.18,2332.75,1134.295,2024-03-15,2022-10-15,292,517,Mid
182,6,8469.97,5289.85,1411.6616666666666,2023-10-15,2022-02-25,444,597,VIP
183,9,9307.449999999999,3264.56,1034.161111111111,2024-02-12,2022-03-04,324,710,VIP
184,4,4515.65,1925.8400000000001,1128.9125,2024-02-19,2023-02-26,317,358,Mid
185,4,6441.74,3463.41,1610.435,2024-03-10,2022-04-01,297,709,High
186,7,10490.210000000001,7798.65,1498.6014285714286,2024-09-05,2022-01-31,118,948,VIP
187,1,1566.05,1147.91,1566.05,2023-07-07,2023-07-07,544,0,Low
188,14,13141.24,7617.75,938.66,2024-12-03,2022-11-08,29,756,VIP
189,5,6513.76,5748.3,1302.752,2024-09-06,2022-08-02,117,766,High
190,5,2487.36,698.5799999999999,497.47200000000004,2024-03-30,2022-06-25,277,644,Low
191,7,6709.57,3438.5400000000004,958.51,2024-09-17,2022-08-01,106,778,High
192,4,3669.78,2446.4,917.445,2024-11-27,2022-06-20,35,891,Low
193,1,1869.14,1460.82,1869.14,2023-01-26,2023-01-26,706,0,Low
194,8,5681.6900000000005,3015.35,710.2112500000001,2024-10-20,2022-03-11,73,954,Mid
195,6,8187.54,4941.58,1364.59,2024-06-28,2022-07-22,187,707,VIP
196,7,6790.639999999999,3762.3799999999997,970.0914285714285,2024-04-28,2022-01-23,248,826,High
197,8,10537.84,7077.4,1317.23,2024-11-01,2022-07-08,61,847,VIP
198,7,6974.52,4517.700000000001,996.36,2024-11-23,2022-03-29,39,970,High
199,7,4211.66,1670.06,601.6657142857142,2024-10-13,2022-01-26,80,991,Mid
200,6,5614.23,2934.49,935.7049999999999,2023-12-12,2022-03-07,386,645,Mid
201,8,6154.02,3323.3199999999997,769.2525,2024-03-23,2023-01-03,284,445,High
202,4,3182.3100000000004,2088.32,795.5775000000001,2024-02-02,2022-05-14,334,629,Low
203,7,5023.74,3124.69,717.6771428571428,2024-12-24,2022-08-09,8,868,Mid
204,5,4824.23,1905.89,964.8459999999999,2024-10-03,2022-08-09,90,786,Mid
205,8,9362.36,4506.110000000001,1170.295,2024-09-03,2022-01-15,120,962,VIP
206,1,226.78,159.47,226.78,2023-11-15,2023-11-15,413,0,Low
207,8,8477.38,5063.56,1059.6725,2024-10-31,2022-02-23,62,981,VIP
208,7,5784.74,3195.23,826.3914285714285,2024-12-12,2022-01-19,20,1058,Mid
209,9,8401.19,5390.42,933.4655555555556,2024-08-27,2022-01-21,127,949,VIP
210,2,1611.91,698.53,805.955,2022-12-23,2022-07-02,740,174,Low
211,3,3873.3999999999996,2718.87,1291.1333333333332,2024-10-07,2022-03-12,86,940,Mid
212,8,10249.74,7022.37,1281.2175,2024-09-12,2022-06-02,111,833,VIP
213,5,2243.19,905.77,448.63800000000003,2024-12-22,2022-06-06,10,930,Low
214,12,10796.93,5130.03,899.7441666666667,2024-10-21,2022-05-02,72,903,VIP
215,3,3716.33,1311.3999999999999,1238.7766666666666,2024-07-24,2022-06-02,161,783,Low
216,6,4400.95,2414.18,733.4916666666667,2024-11-10,2022-11-24,52,717,Mid
217,5,5797.05,3162.69,1159.41,2024-11-23,2022-07-11,39,866,High
218,4,3135.17,1510.9500000000003,783.7925,2024-08-28,2022-10-26,126,672,Low
219,3,5473.62,3181.05,1824.54,2024-05-26,2022-07-13,220,683,Mid
220,5,3899.74,3107.9900000000002,779.948,2024-12-04,2022-06-17,28,901,Mid
221,5,6215.0599999999995,3534.84,1243.012,2024-09-15,2022-07-24,108,784,High
222,5,2466.44,599.5,493.288,2024-11-12,2022-11-14,50,729,Low
223,5,5076.91,2312.5,1015.382,2024-10-02,2022-02-27,91,948,Mid
224,5,4435.3099999999995,1374.08,887.0619999999999,2024-11-05,2022-06-24,57,865,Mid
225,5,3854.4199999999996,1774.8,770.8839999999999,2024-11-02,2022-05-05,60,912,Mid
226,3,2507.96,1772.57,835.9866666666667,2024-10-19,2023-03-26,74,573,Low
227,6,5266.29,2117.23,877.715,2024-11-15,2022-04-29,47,931,Mid
228,6,6914.56,4277.49,1152.4266666666667,2024-08-19,2022-02-21,135,910,High
229,7,10109.31,5437.92,1444.1871428571428,2024-11-08,2022-02-13,54,999,VIP
230,3,2961.79,1365.54,987.2633333333333,2024-11-09,2022-03-04,53,981,Low
231,5,9856.380000000001,6169.66,1971.2760000000003,2024-09-23,2022-02-06,100,960,VIP
232,5,4496.4,983.36,899.28,2024-12-15,2022-06-26,17,903,Mid
233,8,6964.63,2789.92,870.57875,2024-07-18,2022-01-08,167,922,High
234,3,3396.02,1656.4,1132.0066666666667,2024-09-28,2022-01-06,95,996,Low
235,5,6878.299999999999,2817.42,1375.6599999999999,2024-12-09,2022-04-16,23,968,High
236,3,1914.25,1334.01,638.0833333333334,2023-07-02,2022-02-26,549,491,Low
237,5,4209.03,2572.63,841.8059999999999,2024-01-16,2022-06-12,351,583,Mid
238,4,5815.91,4135.04,1453.9775,2024-02-14,2022-01-04,322,771,High
239,8,7356.87,4022.98,919.60875,2024-07-09,2022-01-08,176,913,High
240,8,3903.28,2422.74,487.91,2024-08-18,2022-01-21,136,940,Mid
241,6,5912.76,3826.67,985.46,2024-12-11,2022-03-16,21,1001,High
242,4,3248.7400000000002,823.99,812.1850000000001,2024-07-15,2022-03-29,170,839,Low
243,2,3469.5,2521.14,1734.75,2024-11-06,2022-08-31,56,798,Low
244,8,6885.85,4427.37,860.73125,2024-08-06,2022-01-26,148,923,High
245,3,2180.1099999999997,193.96,726.7033333333333,2023-06-12,2022-04-29,569,409,Low
246,5,5198.67,3151.75,1039.734,2024-12-26,2022-05-31,6,940,Mid
247,7,4189.8,1908.25,598.5428571428572,2024-12-27,2022-12-20,5,738,Mid
248,11,11119.25,5980.150000000001,1010.8409090909091,2024-09-24,2022-04-23,99,885,VIP
249,9,7386.4800000000005,4439.3099999999995,820.72,2024-10-22,2022-02-27,71,968,High
250,9,6595.18,3167.61,732.7977777777778,2024-10-31,2022-07-16,62,838,High
251,8,7344.77,3238.75,918.09625,2024-10-08,2022-03-03,85,950,High
252,10,6477.61,2499.3,647.761,2024-11-30,2022-02-02,32,1032,High
253,6,2269.94,117.38,378.3233333333333,2022-07-05,2022-01-28,911,158,Low
254,8,6493.73,2505.75,811.71625,2024-12-28,2022-12-18,4,741,High
255,4,2248.43,1548.0900000000001,562.1075,2024-10-28,2022-06-25,65,856,Low
256,5,6541.53,3096.28,1308.306,2024-12-21,2023-08-04,11,505,High
257,7,3045.38,1042.87,435.05428571428575,2024-11-06,2022-06-24,56,866,Low
258,7,5565.17,2195.7000000000003,795.0242857142857,2024-04-15,2022-04-22,261,724,Mid
259,5,1807.48,801.94,361.496,2023-09-28,2022-07-08,461,447,Low
260,5,4445.56,1935.52,889.1120000000001,2023-12-22,2022-06-10,376,560,Mid
261,8,10246.6,5030.1900000000005,1280.825,2024-08-03,2022-05-15,151,811,VIP
262,10,10126.23,7502.91,1012.6229999999999,2024-07-19,2022-01-11,166,920,VIP
263,6,6824.59,4290.08,1137.4316666666666,2024-07-25,2022-10-10,160,654,High
264,2,3430.96,2217.1,1715.48,2024-08-12,2022-08-07,142,736,Low
265,1,658.2,531.84,658.2,2023-07-05,2023-07-05,546,0,Low
266,7,8747.86,4867.13,1249.6942857142858,2024-07-11,2022-10-18,174,632,VIP
267,9,11372.65,5971.66,1263.6277777777777,2024-09-15,2023-01-10,108,614,VIP
268,3,3395.7200000000003,1681.05,1131.9066666666668,2024-04-02,2022-04-30,274,703,Low
269,5,7917.35,5802.629999999999,1583.47,2024-10-26,2022-03-16,67,955,High
270,4,2588.69,1109.19,647.1725,2024-11-19,2022-08-13,43,829,Low
271,4,3752.0299999999997,876.67,938.0074999999999,2024-03-21,2022-02-22,286,758,Low
272,4,3150.06,1388.22,787.515,2023-09-04,2022-05-06,485,486,Low
273,7,8586.44,3719.65,1226.6342857142859,2024-10-25,2022-06-20,68,858,VIP
274,5,6229.84,3748.06,1245.968,2024-10-04,2022-07-02,89,825,High
275,7,10763.44,6368.13,1537.6342857142859,2024-10-05,2022-01-06,88,1003,VIP
276,5,4291.51,1130.22,858.302,2023-10-21,2022-08-03,438,444,Mid
277,9,5129.95,3082.55,569.9944444444444,2024-12-18,2022-04-27,14,966,Mid
278,3,3812.2,1557.77,1270.7333333333333,2024-12-20,2022-10-11,12,801,Mid
279,6,4906.34,3001.42,817.7233333333334,2024-10-01,2022-03-30,92,916,Mid
280,4,3953.38,856.5,988.345,2024-12-30,2023-01-24,2,706,Mid
281,4,4205.67,2670.24,1051.4175,2024-12-01,2022-03-21,31,986,Mid
282,5,3548.56,1887.88,709.712,2023-04-29,2022-03-06,613,419,Low
283,8,7209.18,4737.0,901.1475,2024-09-20,2022-01-22,103,972,High
284,5,3820.2599999999998,1654.53,764.0519999999999,2024-08-05,2023-08-06,149,365,Mid
285,4,3328.1499999999996,-39.22000000000003,832.0374999999999,2024-12-24,2022-01-04,8,1085,Low
286,5,4398.16,1545.1,879.632,2024-09-07,2022-10-07,116,701,Mid
287,6,9051.34,5251.02,1508.5566666666666,2023-08-07,2022-05-12,513,452,VIP
288,1,1778.4,791.55,1778.4,2022-01-15,2022-01-15,1082,0,Low
289,7,5378.29,1702.51,768.3271428571428,2024-08-20,2022-02-08,134,924,Mid
290,2,2289.15,1844.4900000000002,1144.575,2024-12-06,2023-05-01,26,585,Low
291,6,4902.78,2808.42,817.13,2024-08-08,2022-01-09,146,942,Mid
292,11,10308.5,6243.5599999999995,937.1363636363636,2024-12-24,2022-02-15,8,1043,VIP
293,8,6092.83,2407.74,761.60375,2024-12-20,2022-07-12,12,892,High
294,3,2934.95,2402.72,978.3166666666666,2024-09-22,2022-07-02,101,813,Low
295,11,11562.99,8229.97,1051.1809090909092,2024-12-22,2022-01-13,10,1074,VIP
296,8,3418.73,1209.5300000000002,427.34125,2024-05-03,2022-01-05,243,849,Low
297,7,5426.64,1295.4299999999998,775.2342857142858,2024-09-28,2022-11-28,95,670,Mid
298,10,9079.5,3827.03,907.95,2024-07-22,2022-04-11,163,833,VIP
299,6,3259.88,1206.19,543.3133333333334,2024-07-03,2022-11-17,182,594,Low
300,4,6590.1900000000005,4592.54,1647.5475000000001,2024-11-15,2022-02-03,47,1016,High
301,7,5537.64,3936.18,791.0914285714287,2024-02-11,2022-10-13,325,486,Mid
302,5,4115.59,1647.64,823.118,2024-09-06,2023-07-03,117,431,Mid
303,2,3450.4799999999996,1792.43,1725.2399999999998,2022-12-03,2022-04-28,760,219,Low
304,6,4395.97,2107.1,732.6616666666667,2024-11-25,2022-09-07,37,810,Mid
305,2,3235.0699999999997,2469.04,1617.5349999999999,2024-11-25,2022-01-02,37,1058,Low
306,4,3362.6,1745.77,840.65,2024-08-19,2022-07-04,135,777,Low
307,3,1955.3299999999997,1084.74,651.7766666666665,2024-03-23,2022-11-03,284,506,Low
308,4,2675.6,799.8399999999999,668.9,2024-03-10,2022-06-02,297,647,Low
309,3,1116.1,581.06,372.0333333333333,2024-09-14,2023-01-08,109,615,Low
310,6,7227.4,2878.66,1204.5666666666666,2023-12-27,2022-04-22,371,614,High
311,8,10124.38,6257.47,1265.5475,2024-05-24,2022-02-26,222,818,VIP
312,6,5736.79,485.25,956.1316666666667,2024-10-09,2023-03-10,84,579,Mid
313,6,2894.76,1474.82,482.46000000000004,2024-06-10,2022-07-24,205,687,Low
314,3,1868.0700000000002,862.75,622.69,2024-10-28,2022-12-07,65,691,Low
315,10,12119.05,6709.43,1211.905,2024-10-27,2022-05-02,66,909,VIP
316,6,2067.76,597.59,344.6266666666667,2024-11-10,2022-01-12,52,1033,Low
317,2,1007.48,581.9,503.74,2023-07-01,2023-03-03,550,120,Low
318,4,2608.76,1175.6399999999999,652.19,2023-09-20,2022-10-16,469,339,Low
319,4,4039.33,2733.24,1009.8325,2024-08-03,2022-01-26,151,920,Mid
320,8,7987.36,4916.93,998.42,2024-07-10,2022-03-06,175,857,High
321,4,3145.81,1016.56,786.4525,2024-07-02,2022-09-29,183,642,Low
322,7,6718.3,2797.46,959.7571428571429,2024-09-14,2022-06-06,109,831,High
323,9,7576.34,3869.58,841.8155555555555,2024-05-15,2022-02-17,231,818,High
324,4,3116.46,2164.74,779.115,2024-11-18,2023-09-19,44,426,Low
325,3,3924.21,3390.2,1308.07,2024-07-29,2022-05-23,156,798,Mid
326,7,7825.16,3446.41,1117.8799999999999,2024-10-27,2023-03-26,66,581,High
327,5,5380.88,3769.8199999999997,1076.176,2024-10-08,2023-04-11,85,546,Mid
328,8,9555.279999999999,5733.6,1194.4099999999999,2024-10-27,2022-04-29,66,912,VIP
329,5,4912.92,1965.4499999999998,982.5840000000001,2024-09-20,2023-01-19,103,610,Mid
330,4,2000.1,887.45,500.025,2024-10-13,2022-03-08,80,950,Low
331,6,5928.030000000001,3480.6,988.0050000000001,2024-05-13,2022-05-22,233,722,High
332,5,6117.06,4069.37,1223.412,2024-09-04,2022-01-05,119,973,High
333,11,9858.7,5859.3,896.2454545454547,2024-11-26,2022-01-23,36,1038,VIP
334,11,16049.8,7043.969999999999,1459.0727272727272,2024-08-06,2022-04-20,148,839,VIP
335,11,11883.49,4915.16,1080.3172727272727,2024-09-06,2022-03-29,117,892,VIP
336,11,12007.45,4459.72,1091.5863636363638,2024-10-26,2022-03-07,67,964,VIP
337,7,7749.36,5113.9800000000005,1107.0514285714285,2024-05-05,2022-03-27,241,770,High
338,9,10182.11,5925.99,1131.3455555555556,2024-12-29,2022-01-02,3,1092,VIP
339,5,5319.92,1798.99,1063.984,2023-10-02,2022-01-30,457,610,Mid
340,7,8256.539999999999,3757.46,1179.5057142857142,2024-05-01,2022-06-15,245,686,VIP
341,6,9231.06,7755.67,1538.51,2024-11-19,2022-08-10,43,832,VIP
342,8,6251.610000000001,3493.94,781.4512500000001,2024-09-14,2022-01-17,109,971,High
343,5,2660.87,1258.53,532.174,2024-11-27,2022-01-26,35,1036,Low
344,4,2553.79,1522.1399999999999,638.4475,2024-07-19,2022-01-12,166,919,Low
345,4,4378.1900000000005,2181.3,1094.5475000000001,2023-11-02,2022-10-24,426,374,Mid
346,5,4564.42,2754.77,912.884,2023-03-29,2022-02-17,644,405,Mid
347,2,2257.45,1466.1799999999998,1128.725,2023-02-23,2022-12-14,678,71,Low
348,9,10291.54,5356.01,1143.5044444444445,2024-10-21,2022-09-05,72,777,VIP
349,7,4897.84,1439.79,699.6914285714286,2023-06-25,2022-01-31,556,510,Mid
350,5,3036.0299999999997,1436.57,607.2059999999999,2024-09-20,2022-08-30,103,752,Low
351,10,11117.15,6602.1,1111.715,2024-12-30,2022-05-03,2,972,VIP
352,5,3084.39,1370.1799999999998,616.8779999999999,2023-11-30,2022-01-03,398,696,Low
353,3,5150.52,2672.04,1716.8400000000001,2024-08-17,2023-11-15,137,276,Mid
354,4,5810.26,4229.93,1452.565,2024-06-19,2022-05-01,196,780,High
355,7,7530.23,3278.01,1075.7471428571428,2024-09-22,2022-03-22,101,915,High
356,6,5867.84,2467.47,977.9733333333334,2023-11-08,2022-04-06,420,581,High
357,7,5854.96,4265.85,836.4228571428572,2024-06-12,2022-06-14,203,729,High
358,9,14627.39,9793.32,1625.2655555555555,2024-08-24,2022-01-28,130,939,VIP
359,5,4180.76,1469.88,836.152,2024-08-06,2022-04-25,148,834,Mid
360,4,1531.47,711.84,382.8675,2024-07-09,2023-07-17,176,358,Low
361,12,15247.99,7980.9400000000005,1270.6658333333332,2024-07-24,2022-03-16,161,861,VIP
362,6,7759.7,3740.96,1293.2833333333333,2024-01-21,2022-04-07,346,654,High
363,9,10824.539999999999,5943.19,1202.7266666666665,2024-09-28,2022-03-21,95,922,VIP
364,7,5901.639999999999,2252.83,843.0914285714285,2024-12-10,2022-04-01,22,984,High
365,8,8110.48,4262.66,1013.81,2024-10-20,2023-02-26,73,602,VIP
366,6,5382.08,3302.7200000000003,897.0133333333333,2024-07-04,2022-01-04,181,912,Mid
367,10,14239.66,9522.210000000001,1423.966,2024-08-30,2022-02-08,124,934,VIP
368,6,6252.6900000000005,3696.46,1042.115,2024-09-06,2022-04-14,117,876,High
369,7,6080.29,3437.6,868.6128571428571,2024-11-30,2022-07-06,32,878,High
370,5,8122.79,4989.79,1624.558,2024-07-18,2022-04-18,167,822,VIP
371,4,4901.05,3487.5499999999997,1225.2625,2024-09-12,2022-01-08,111,978,Mid
372,7,3668.48,448.86,524.0685714285714,2024-08-03,2022-09-16,151,687,Low
373,4,4148.01,2229.31,1037.0025,2024-11-05,2023-01-16,57,659,Mid
374,3,2334.9,1119.1100000000001,778.3000000000001,2023-12-06,2022-10-22,392,410,Low
375,11,11032.18,7303.23,1002.9254545454546,2024-12-20,2022-03-18,12,1008,VIP
376,7,5685.77,3454.4,812.2528571428572,2024-09-16,2022-05-25,107,845,Mid
377,7,7566.41,3381.31,1080.9157142857143,2024-08-25,2022-03-10,129,899,High
378,4,4343.33,2669.92,1085.8325,2024-12-31,2022-10-11,1,812,Mid
379,3,4575.72,3055.76,1525.24,2024-06-24,2022-11-24,191,578,Mid
380,2,3270.02,2560.9399999999996,1635.01,2023-10-06,2023-04-11,453,178,Low
381,8,8329.710000000001,3579.22,1041.2137500000001,2024-08-09,2022-08-31,145,709,VIP
382,6,7458.25,3649.96,1243.0416666666667,2024-11-16,2023-12-22,46,330,High
383,5,4506.93,2801.56,901.3860000000001,2024-05-17,2022-02-03,229,834,Mid
384,5,4224.89,1646.03,844.9780000000001,2024-12-16,2022-09-22,16,816,Mid
385,5,4390.99,3673.5299999999997,878.198,2024-12-14,2022-07-05,18,893,Mid
386,4,2998.92,1564.47,749.73,2024-12-08,2022-03-20,24,994,Low
387,6,5829.29,2377.1000000000004,971.5483333333333,2024-11-07,2022-02-19,55,992,High
388,4,4296.0599999999995,2833.6899999999996,1074.0149999999999,2024-09-21,2023-03-09,102,562,Mid
389,14,12171.61,8022.52,869.4007142857143,2024-09-28,2022-01-16,95,986,VIP
390,11,10731.2,5987.55,975.5636363636364,2024-12-22,2022-03-15,10,1013,VIP
391,10,11583.81,6689.07,1158.3809999999999,2024-10-22,2022-02-17,71,978,VIP
392,5,6682.03,4095.5,1336.406,2024-07-17,2022-03-28,168,842,High
393,5,6363.94,4280.7699999999995,1272.788,2024-04-06,2022-04-10,270,727,High
394,10,9162.67,3592.95,916.267,2024-09-11,2022-03-01,112,925,VIP
395,4,2937.75,1610.2299999999998,734.4375,2024-04-01,2022-01-20,275,802,Low
396,4,3227.39,1842.0100000000002,806.8475,2024-11-30,2022-08-21,32,832,Low
397,7,6341.84,2888.7799999999997,905.9771428571429,2024-12-08,2022-02-15,24,1027,High
398,6,3655.27,825.24,609.2116666666667,2024-12-22,2022-12-08,10,745,Low
399,3,5263.67,4757.73,1754.5566666666666,2023-01-29,2022-01-09,703,385,Mid
400,4,4123.219999999999,2468.4300000000003,1030.8049999999998,2024-02-24,2022-05-10,312,655,Mid
401,6,4616.110000000001,1563.52,769.3516666666668,2024-07-13,2022-04-23,172,812,Mid
402,6,6280.59,3521.91,1046.765,2024-10-26,2022-07-05,67,844,High
403,6,4097.05,1658.95,682.8416666666667,2024-08-16,2022-03-31,138,869,Mid
404,8,8038.59,4299.45,1004.82375,2024-10-22,2022-02-13,71,982,High
405,10,12806.560000000001,6728.4,1280.6560000000002,2024-05-30,2022-04-11,216,780,VIP
406,4,3679.49,2945.5600000000004,919.8725,2024-11-25,2023-06-06,37,538,Low
407,5,2911.82,885.3299999999999,582.364,2024-10-25,2022-05-17,68,892,Low
408,6,5241.45,2979.3700000000003,873.5749999999999,2024-06-27,2023-05-20,188,404,Mid
409,10,7710.89,3402.6,771.089,2024-09-16,2022-10-25,107,692,High
410,6,8939.35,6110.8,1489.8916666666667,2023-10-25,2022-02-02,434,630,VIP
411,2,2366.32,2002.97,1183.16,2024-10-06,2024-07-26,87,72,Low
412,4,5101.5,2343.59,1275.375,2024-05-02,2023-06-23,244,314,Mid
413,10,11753.96,5176.84,1175.396,2024-12-05,2022-09-03,27,824,VIP
414,6,6027.42,2949.22,1004.57,2024-12-24,2022-05-20,8,949,High
415,10,13716.87,8944.18,1371.6870000000001,2024-11-25,2023-02-01,37,663,VIP
416,5,3270.85,1719.9099999999999,654.17,2022-10-03,2022-03-19,821,198,Low
417,5,8224.74,5032.049999999999,1644.9479999999999,2024-11-07,2022-03-20,55,963,VIP
418,11,10279.31,3780.9500000000003,934.4827272727272,2024-12-26,2022-05-24,6,947,VIP
419,6,4827.49,1962.71,804.5816666666666,2024-07-02,2022-09-04,183,667,Mid
420,4,2387.85,1411.01,596.9625,2024-07-10,2022-07-28,175,713,Low
421,8,6562.08,3777.65,820.26,2024-10-31,2022-07-23,62,831,High
422,5,6075.63,4512.82,1215.126,2024-08-01,2022-04-26,153,828,High
423,8,9556.38,5992.15,1194.5475,2024-12-31,2022-01-08,1,1088,VIP
424,9,7258.660000000001,4154.79,806.5177777777778,2024-08-27,2022-05-17,127,833,High
425,7,5638.33,3228.28,805.4757142857143,2024-01-02,2022-03-06,365,667,Mid
426,4,4894.110000000001,3152.02,1223.5275000000001,2024-11-12,2022-06-13,50,883,Mid
427,8,12369.029999999999,7331.5,1546.1287499999999,2024-04-24,2022-01-17,252,828,VIP
428,6,6967.97,5631.02,1161.3283333333334,2024-10-29,2022-02-25,64,977,High
429,2,1319.36,-36.86,659.68,2024-08-17,2023-09-17,137,335,Low
430,8,7067.88,3257.06,883.485,2023-10-02,2022-03-20,457,561,High
431,5,4322.82,1856.3899999999999,864.564,2024-03-29,2022-06-30,278,638,Mid
432,7,8922.369999999999,5278.5599999999995,1274.6242857142856,2024-08-07,2022-01-31,147,919,VIP
433,8,6525.4400000000005,3793.02,815.6800000000001,2024-11-28,2022-02-26,34,1006,High
434,7,5395.28,1445.5900000000001,770.7542857142856,2023-11-14,2022-05-31,414,532,Mid
435,5,7433.610000000001,5602.889999999999,1486.7220000000002,2024-10-28,2022-08-06,65,814,High
436,10,13704.130000000001,7532.47,1370.413,2024-06-27,2022-05-30,188,759,VIP
437,6,2412.42,1179.71,402.07,2024-11-12,2022-01-20,50,1027,Low
438,1,916.42,590.65,916.42,2022-09-19,2022-09-19,835,0,Low
439,8,8934.380000000001,4231.32,1116.7975000000001,2024-10-01,2022-02-11,92,963,VIP
440,7,6781.35,1031.5900000000001,968.7642857142857,2024-04-20,2022-04-10,256,741,High
441,2,1041.38,316.02,520.69,2024-05-04,2023-06-11,242,328,Low
442,5,3532.5899999999997,2364.43,706.5179999999999,2024-11-17,2022-03-16,45,977,Low
443,9,10569.32,7131.51,1174.368888888889,2024-10-06,2022-04-02,87,918,VIP
444,12,10904.09,7765.43,908.6741666666667,2024-09-02,2022-03-01,121,916,VIP
445,9,9491.77,4363.15,1054.641111111111,2024-09-30,2022-05-25,93,859,VIP
446,5,4334.3,2518.37,866.86,2024-07-26,2022-02-20,159,887,Mid
447,8,5996.0199999999995,2627.0,749.5024999999999,2024-11-28,2022-11-28,34,731,High
448,8,12523.49,7445.4400000000005,1565.43625,2024-10-04,2022-02-08,89,969,VIP
449,10,9723.84,5522.44,972.384,2024-11-01,2022-01-09,61,1027,VIP
450,3,3256.48,1696.48,1085.4933333333333,2024-10-20,2022-07-13,73,830,Low
451,5,3808.51,1270.22,761.702,2024-02-29,2022-07-06,307,603,Low
452,6,7475.32,4241.13,1245.8866666666665,2024-10-26,2022-01-11,67,1019,High
453,4,4962.46,2100.1,1240.615,2024-11-27,2023-06-13,35,533,Mid
454,6,6176.98,3805.26,1029.4966666666667,2024-09-17,2022-08-16,106,763,High
455,5,4214.93,1080.03,842.9860000000001,2024-01-04,2022-04-01,363,643,Mid
456,5,4728.57,1975.61,945.7139999999999,2023-06-26,2022-01-22,555,520,Mid
457,5,6097.59,3722.24,1219.518,2024-03-27,2022-03-03,280,755,High
458,9,7732.95,3043.13,859.2166666666667,2024-09-07,2022-02-11,116,939,High
459,8,8515.289999999999,3865.5499999999997,1064.4112499999999,2024-06-05,2022-01-04,210,883,VIP
460,6,10387.869999999999,6733.47,1731.3116666666665,2024-04-21,2022-03-20,255,763,VIP
461,6,9111.31,5997.27,1518.5516666666665,2023-11-28,2022-02-28,400,638,VIP
462,10,9043.68,6238.8,904.368,2024-08-26,2022-05-06,128,843,VIP
463,6,4804.11,2044.97,800.685,2024-02-15,2022-07-16,321,579,Mid
464,6,8198.17,5419.8099999999995,1366.3616666666667,2024-10-27,2022-05-31,66,880,VIP
465,5,5203.34,1205.39,1040.6680000000001,2023-08-25,2022-10-15,495,314,Mid
466,3,2892.14,1838.8400000000001,964.0466666666666,2024-07-28,2022-04-17,157,833,Low
467,6,4982.8,2844.95,830.4666666666667,2024-09-24,2022-09-06,99,749,Mid
468,6,6780.700000000001,3596.92,1130.1166666666668,2024-07-19,2022-01-27,166,904,High
469,10,11336.55,6159.77,1133.655,2024-12-27,2022-08-04,5,876,VIP
470,5,6204.44,4149.37,1240.888,2023-12-14,2022-11-05,384,404,High
471,5,2838.94,746.4399999999999,567.788,2024-12-14,2022-03-10,18,1010,Low
472,12,13341.68,5156.97,1111.8066666666666,2024-07-17,2022-01-18,168,911,VIP
473,5,5033.4,2059.31,1006.68,2024-05-22,2022-05-15,224,738,Mid
474,6,6258.599999999999,2343.5,1043.1,2024-12-17,2022-01-21,15,1061,High
475,8,15185.62,9596.09,1898.2025,2024-12-17,2022-01-21,15,1061,VIP
476,8,5602.24,3480.4900000000002,700.28,2024-11-14,2022-10-15,48,761,Mid
477,10,9353.33,4390.9800000000005,935.333,2024-10-06,2022-01-08,87,1002,VIP
478,5,5383.21,1740.54,1076.642,2024-05-19,2022-04-23,227,757,Mid
479,8,8714.470000000001,4858.820000000001,1089.3087500000001,2024-07-12,2022-06-08,173,765,VIP
480,4,6740.72,2139.0499999999997,1685.18,2024-12-15,2022-04-05,17,985,High
481,6,6132.78,2682.38,1022.13,2024-11-03,2022-07-30,59,827,High
482,7,9107.75,3760.1,1301.107142857143,2024-03-17,2022-01-19,290,788,VIP
483,5,3523.87,1727.4,704.774,2024-05-09,2023-01-15,237,480,Low
484,4,3379.47,1855.02,844.8675,2023-11-22,2022-10-28,406,390,Low
485,3,1776.6200000000001,205.3,592.2066666666667,2023-12-03,2022-01-17,395,685,Low
486,6,8318.58,5848.7,1386.43,2024-10-17,2022-03-07,76,955,VIP
487,7,8185.56,3141.78,1169.3657142857144,2024-09-13,2022-01-27,110,960,VIP
488,4,5085.35,3701.7400000000002,1271.3375,2024-07-24,2022-08-01,161,723,Mid
489,6,5765.21,2825.5699999999997,960.8683333333333,2023-09-21,2022-06-15,468,463,Mid
490,9,7918.389999999999,4413.62,879.821111111111,2024-05-19,2022-03-09,227,802,High
491,8,7817.049999999999,4154.74,977.1312499999999,2024-05-17,2022-04-27,229,751,High
492,6,8066.799999999999,5278.18,1344.4666666666665,2024-09-17,2022-02-28,106,932,High
493,4,2873.59,2160.2999999999997,718.3975,2024-09-28,2023-04-23,95,524,Low
494,6,7177.259999999999,3184.13,1196.2099999999998,2024-08-05,2022-01-29,149,919,High
495,12,12574.5,8526.24,1047.875,2024-10-22,2022-04-14,71,922,VIP
496,4,6770.89,4945.8099999999995,1692.7225,2024-09-18,2024-01-07,105,255,High
497,4,3783.23,807.24,945.8075,2024-11-15,2023-02-18,47,636,Low
498,4,3304.84,1286.3600000000001,826.21,2023-09-18,2022-02-25,471,570,Low
499,1,1208.51,926.55,1208.51,2024-06-29,2024-06-29,186,0,Low
500,10,11816.789999999999,7729.2,1181.6789999999999,2024-01-28,2022-06-19,339,588,VIP
